Workbook

Sheet Sheet1
A1: reporter_name | B1: mean_total_rai | C1: impTop5Count | D1: expTop5Count | E1: impTop5 | F1: expTop5 | G1: Top 5 | H1: impTop10Count | I1: expTop10Count | J1: Imp Top 10 | K1: Exp Top 10 | L1: Top 10
A2: Albania | B2: 37.967416 | C2: 0 | D2: 0 | E2: 0 | F2: 0 | G2: =IF(OR(E2=1,F2=1),1,0) -> 0 | H2: =COUNTIFS(Sheet3!$R$2:$R$3528,1,Sheet3!$B$2:$B$3528,A2) -> 0 | I2: =COUNTIFS(Sheet3!$S$2:$S$3528,1,Sheet3!$B$2:$B$3528,A2) -> 0 | J2: =IF(H2>0,1,0) -> 0 | K2: =IF(I2>0,1,0) -> 0 | L2: =IF(OR(J2=1,K2=1),1,0) -> 0
A3: Algeria | B3: 57.431486 | C3: 0 | D3: 0 | E3: 0 | F3: 0 | G3: =IF(OR(E3=1,F3=1),1,0) -> 0 | H3: =COUNTIFS(Sheet3!$R$2:$R$3528,1,Sheet3!$B$2:$B$3528,A3) -> 1 | I3: =COUNTIFS(Sheet3!$S$2:$S$3528,1,Sheet3!$B$2:$B$3528,A3) -> 0 | J3: =IF(H3>0,1,0) -> 1 | K3: =IF(I3>0,1,0) -> 0 | L3: =IF(OR(J3=1,K3=1),1,0) -> 1
A4: Angola | B4: 39.663425 | C4: 1 | D4: 0 | E4: 1 | F4: 0 | G4: =IF(OR(E4=1,F4=1),1,0) -> 1 | H4: =COUNTIFS(Sheet3!$R$2:$R$3528,1,Sheet3!$B$2:$B$3528,A4) -> 1 | I4: =COUNTIFS(Sheet3!$S$2:$S$3528,1,Sheet3!$B$2:$B$3528,A4) -> 0 | J4: =IF(H4>0,1,0) -> 1 | K4: =IF(I4>0,1,0) -> 0 | L4: =IF(OR(J4=1,K4=1),1,0) -> 1
A5: Armenia | B5: 171.33839 | C5: 10 | D5: 1 | E5: 1 | F5: 1 | G5: =IF(OR(E5=1,F5=1),1,0) -> 1 | H5: =COUNTIFS(Sheet3!$R$2:$R$3528,1,Sheet3!$B$2:$B$3528,A5) -> 42 | I5: =COUNTIFS(Sheet3!$S$2:$S$3528,1,Sheet3!$B$2:$B$3528,A5) -> 3 | J5: =IF(H5>0,1,0) -> 1 | K5: =IF(I5>0,1,0) -> 1 | L5: =IF(OR(J5=1,K5=1),1,0) -> 1
A6: Azerbaijan | B6: 483.10993 | C6: 16 | D6: 2 | E6: 1 | F6: 1 | G6: =IF(OR(E6=1,F6=1),1,0) -> 1 | H6: =COUNTIFS(Sheet3!$R$2:$R$3528,1,Sheet3!$B$2:$B$3528,A6) -> 35 | I6: =COUNTIFS(Sheet3!$S$2:$S$3528,1,Sheet3!$B$2:$B$3528,A6) -> 3 | J6: =IF(H6>0,1,0) -> 1 | K6: =IF(I6>0,1,0) -> 1 | L6: =IF(OR(J6=1,K6=1),1,0) -> 1
A7: Belarus | B7: 238.23334 | C7: 70 | D7: 47 | E7: 1 | F7: 1 | G7: =IF(OR(E7=1,F7=1),1,0) -> 1 | H7: =COUNTIFS(Sheet3!$R$2:$R$3528,1,Sheet3!$B$2:$B$3528,A7) -> 79 | I7: =COUNTIFS(Sheet3!$S$2:$S$3528,1,Sheet3!$B$2:$B$3528,A7) -> 74 | J7: =IF(H7>0,1,0) -> 1 | K7: =IF(I7>0,1,0) -> 1 | L7: =IF(OR(J7=1,K7=1),1,0) -> 1
A8: Benin | B8: 41.643897 | C8: 0 | D8: 0 | E8: 0 | F8: 0 | G8: =IF(OR(E8=1,F8=1),1,0) -> 0 | H8: =COUNTIFS(Sheet3!$R$2:$R$3528,1,Sheet3!$B$2:$B$3528,A8) -> 0 | I8: =COUNTIFS(Sheet3!$S$2:$S$3528,1,Sheet3!$B$2:$B$3528,A8) -> 0 | J8: =IF(H8>0,1,0) -> 0 | K8: =IF(I8>0,1,0) -> 0 | L8: =IF(OR(J8=1,K8=1),1,0) -> 0
A9: Burkina Faso | B9: 100.63576 | C9: 1 | D9: 0 | E9: 1 | F9: 0 | G9: =IF(OR(E9=1,F9=1),1,0) -> 1 | H9: =COUNTIFS(Sheet3!$R$2:$R$3528,1,Sheet3!$B$2:$B$3528,A9) -> 1 | I9: =COUNTIFS(Sheet3!$S$2:$S$3528,1,Sheet3!$B$2:$B$3528,A9) -> 0 | J9: =IF(H9>0,1,0) -> 1 | K9: =IF(I9>0,1,0) -> 0 | L9: =IF(OR(J9=1,K9=1),1,0) -> 1
A10: Cambodia | B10: 30.857489 | C10: 0 | D10: 0 | E10: 0 | F10: 0 | G10: =IF(OR(E10=1,F10=1),1,0) -> 0 | H10: =COUNTIFS(Sheet3!$R$2:$R$3528,1,Sheet3!$B$2:$B$3528,A10) -> 0 | I10: =COUNTIFS(Sheet3!$S$2:$S$3528,1,Sheet3!$B$2:$B$3528,A10) -> 0 | J10: =IF(H10>0,1,0) -> 0 | K10: =IF(I10>0,1,0) -> 0 | L10: =IF(OR(J10=1,K10=1),1,0) -> 0
A11: Cameroon | B11: 62.358898 | C11: 0 | D11: 0 | E11: 0 | F11: 0 | G11: =IF(OR(E11=1,F11=1),1,0) -> 0 | H11: =COUNTIFS(Sheet3!$R$2:$R$3528,1,Sheet3!$B$2:$B$3528,A11) -> 0 | I11: =COUNTIFS(Sheet3!$S$2:$S$3528,1,Sheet3!$B$2:$B$3528,A11) -> 0 | J11: =IF(H11>0,1,0) -> 0 | K11: =IF(I11>0,1,0) -> 0 | L11: =IF(OR(J11=1,K11=1),1,0) -> 0
A12: Colombia | B12: 8.90115 | C12: 0 | D12: 0 | E12: 0 | F12: 0 | G12: =IF(OR(E12=1,F12=1),1,0) -> 0 | H12: =COUNTIFS(Sheet3!$R$2:$R$3528,1,Sheet3!$B$2:$B$3528,A12) -> 0 | I12: =COUNTIFS(Sheet3!$S$2:$S$3528,1,Sheet3!$B$2:$B$3528,A12) -> 2 | J12: =IF(H12>0,1,0) -> 0 | K12: =IF(I12>0,1,0) -> 1 | L12: =IF(OR(J12=1,K12=1),1,0) -> 1
A13: Ecuador | B13: 10.35238 | C13: 0 | D13: 2 | E13: 0 | F13: 1 | G13: =IF(OR(E13=1,F13=1),1,0) -> 1 | H13: =COUNTIFS(Sheet3!$R$2:$R$3528,1,Sheet3!$B$2:$B$3528,A13) -> 0 | I13: =COUNTIFS(Sheet3!$S$2:$S$3528,1,Sheet3!$B$2:$B$3528,A13) -> 3 | J13: =IF(H13>0,1,0) -> 0 | K13: =IF(I13>0,1,0) -> 1 | L13: =IF(OR(J13=1,K13=1),1,0) -> 1
... A53: Uzbekistan | B53: 224.8741 | C53: 20 | D53: 6 | E53: 1 | F53: 1 | G53: =IF(OR(E53=1,F53=1),1,0) -> 1 | H53: =COUNTIFS(Sheet3!$R$2:$R$3528,1,Sheet3!$B$2:$B$3528,A53) -> 42 | I53: =COUNTIFS(Sheet3!$S$2:$S$3528,1,Sheet3!$B$2:$B$3528,A53) -> 13 | J53: =IF(H53>0,1,0) -> 1 | K53: =IF(I53>0,1,0) -> 1 | L53: =IF(OR(J53=1,K53=1),1,0) -> 1

Sheet Sheet3
A1: reporter_iso | B1: reporter_name | C1: partner_iso | D1: partner_name | E1: section_code | F1: section_name | G1: HS2 | H1: imp_sum_hs2 | I1: exp_sum_hs2_5yr | J1: imp_rank_hs2_5yr | K1: exp_rank_hs2_5yr | L1: tbal_HS2_5yr | M1: import_factor | N1: export_factor | O1: trade_share | P1: impTop5 | Q1: expTop5 | R1: impTop10 | S1: expTop10 | T1: mean_total_rai | U1: Top 5 | V1: Top10
A2: alb | B2: Albania | C2: rus | D2: Russian Federation | E2: 99 | F2: NA | G2: 99 | H2: 276085188 | I2: 2876409 | J2: 17 | K2: 42 | L2: -273208779 | M2: 0.9896888710455727 | N2: 0.010311128954427371 | O2: 0.5181693002135614 | P2: 0 | Q2: 0 | R2: 0 | S2: 0 | T2: 37.967416 | U2: =IF(OR(P2=1,Q2=1),1,0) -> 0 | V2: =IF(OR(R2=1,S2=1),1,0) -> 0
A3: alb | B3: Albania | C3: rus | D3: Russian Federation | E3: 02 | F3: Vegetable products | G3: 10 | H3: 145961276 | I3: 0 | J3: 44 | K3: 65 | L3: -145961276 | M3: 1 | N3: 0 | O3: 0.2711220937095456 | P3: 0 | Q3: 0 | R3: 0 | S3: 0 | T3: 37.967416 | U3: =IF(OR(P3=1,Q3=1),1,0) -> 0 | V3: =IF(OR(R3=1,S3=1),1,0) -> 0
A4: alb | B4: Albania | C4: rus | D4: Russian Federation | E4: 05 | F4: Mineral products | G4: 27 | H4: 71064515 | I4: 0 | J4: 87 | K4: 91 | L4: -71064515 | M4: 1 | N4: 0 | O4: 0.1320018612008668 | P4: 0 | Q4: 0 | R4: 0 | S4: 0 | T4: 37.967416 | U4: =IF(OR(P4=1,Q4=1),1,0) -> 0 | V4: =IF(OR(R4=1,S4=1),1,0) -> 0
A5: alb | B5: Albania | C5: rus | D5: Russian Federation | E5: 15 | F5: Base metals and articles of base metal | G5: 76 | H5: 14067248 | I5: 0 | J5: 60 | K5: 92 | L5: -14067248 | M5: 1 | N5: 0 | O5: 0.026129819 | P5: 0 | Q5: 0 | R5: 0 | S5: 0 | T5: 37.967416 | U5: =IF(OR(P5=1,Q5=1),1,0) -> 0 | V5: =IF(OR(R5=1,S5=1),1,0) -> 0
A6: alb | B6: Albania | C6: rus | D6: Russian Federation | E6: 06 | F6: Product of the chemicals or allied industries | G6: 31 | H6: 19715122 | I6: 0 | J6: 90 | K6: 51 | L6: -19715122 | M6: 1 | N6: 0 | O6: 0.036620707 | P6: 0 | Q6: 0 | R6: 0 | S6: 0 | T6: 37.967416 | U6: =IF(OR(P6=1,Q6=1),1,0) -> 0 | V6: =IF(OR(R6=1,S6=1),1,0) -> 0
A7: alb | B7: Albania | C7: rus | D7: Russian Federation | E7: 13 | F7: Articles of stone, plaster, cement, asbestos, mica, or similar materials, ceramic products, glass and glassware | G7: 70 | H7: 1524622 | I7: 0 | J7: 55 | K7: 88 | L7: -1524622 | M7: 1 | N7: 0 | O7: 0.0028319752 | P7: 0 | Q7: 0 | R7: 0 | S7: 0 | T7: 37.967416 | U7: =IF(OR(P7=1,Q7=1),1,0) -> 0 | V7: =IF(OR(R7=1,S7=1),1,0) -> 0
A8: alb | B8: Albania | C8: rus | D8: Russian Federation | E8: 15 | F8: Base metals and articles of base metal | G8: 72 | H8: 267052 | I8: 0 | J8: 115 | K8: 74 | L8: -267052 | M8: 1 | N8: 0 | O8: 4.960473034595942e-4 | P8: 0 | Q8: 0 | R8: 0 | S8: 0 | T8: 37.967416 | U8: =IF(OR(P8=1,Q8=1),1,0) -> 0 | V8: =IF(OR(R8=1,S8=1),1,0) -> 0
A9: alb | B9: Albania | C9: rus | D9: Russian Federation | E9: 09 | F9: Wood and articles of wood, wood charcoal, cork and articles of cork, manufacturers of straw, of esparto or of other plaiting materials, basketwork and wickerwork | G9: 44 | H9: 751395 | I9: 0 | J9: 97 | K9: 103 | L9: -751395 | M9: 1 | N9: 0 | O9: 0.0013957112 | P9: 0 | Q9: 0 | R9: 0 | S9: 0 | T9: 37.967416 | U9: =IF(OR(P9=1,Q9=1),1,0) -> 0 | V9: =IF(OR(R9=1,S9=1),1,0) -> 0
A10: alb | B10: Albania | C10: rus | D10: Russian Federation | E10: 16 | F10: Machinery and mechanical appliances, electrical equipment, parts thereof, sound recorders and reproducers, television image and souch recorders and reproducers, and parts and accessories of such articles | G10: 84 | H10: 203073 | I10: 0 | J10: 129 | K10: 117 | L10: -203073 | M10: 1 | N10: 0 | O10: 3.7720673897012624e-4 | P10: 0 | Q10: 0 | R10: 0 | S10: 0 | T10: 37.967416 | U10: =IF(OR(P10=1,Q10=1),1,0) -> 0 | V10: =IF(OR(R10=1,S10=1),1,0) -> 0
A11: alb | B11: Albania | C11: rus | D11: Russian Federation | E11: 17 | F11: Vehicles, aircraft, vessels and associated transport equipment | G11: 87 | H11: 157731 | I11: 0 | J11: 116 | K11: 96 | L11: -157731 | M11: 1 | N11: 0 | O11: 2.929842773017436e-4 | P11: 0 | Q11: 0 | R11: 0 | S11: 0 | T11: 37.967416 | U11: =IF(OR(P11=1,Q11=1),1,0) -> 0 | V11: =IF(OR(R11=1,S11=1),1,0) -> 0
A12: alb | B12: Albania | C12: rus | D12: Russian Federation | E12: 07 | F12: Plastics and articles thereof, rubber and articles thereof | G12: 40 | H12: 353856 | I12: 0 | J12: 96 | K12: 97 | L12: -353856 | M12: 1 | N12: 0 | O12: 6.572851527530148e-4 | P12: 0 | Q12: 0 | R12: 0 | S12: 0 | T12: 37.967416 | U12: =IF(OR(P12=1,Q12=1),1,0) -> 0 | V12: =IF(OR(R12=1,S12=1),1,0) -> 0
A13: alb | B13: Albania | C13: rus | D13: Russian Federation | E13: 07 | F13: Plastics and articles thereof, rubber and articles thereof | G13: 39 | H13: 83631 | I13: 0 | J13: 113 | K13: 109 | L13: -83631 | M13: 1 | N13: 0 | O13: 1.5534402302034553e-4 | P13: 0 | Q13: 0 | R13: 0 | S13: 0 | T13: 37.967416 | U13: =IF(OR(P13=1,Q13=1),1,0) -> 0 | V13: =IF(OR(R13=1,S13=1),1,0) -> 0
A14: alb | B14: Albania | C14: rus | D14: Russian Federation | E14: 02 | F14: Vegetable products | G14: 12 | H14: 8430 | I14: 0 | J14: 83 | K14: 98 | L14: -8430 | M14: 1 | N14: 0 | O14: 1.565866860448294e-5 | P14: 0 | Q14: 0 | R14: 0 | S14: 0 | T14: 37.967416 | U14: =IF(OR(P14=1,Q14=1),1,0) -> 0 | V14: =IF(OR(R14=1,S14=1),1,0) -> 0
A15: alb | B15: Albania | C15: rus | D15: Russian Federation | E15: 20 | F15: Miscellaneous manufactured articles | G15: 95 | H15: 0 | I15: 116041 | J15: 130 | K15: 64 | L15: 116041 | M15: 0 | N15: 1 | O15: 2.1554538120199346e-4 | P15: 0 | Q15: 0 | R15: 0 | S15: 0 | T15: 37.967416 | U15: =IF(OR(P15=1,Q15=1),1,0) -> 0 | V15: =IF(OR(R15=1,S15=1),1,0) -> 0
A16: dza | B16: Algeria | C16: rus | D16: Russian Federation | E16: 05 | F16: Mineral products | G16: 27 | H16: 272218459 | I16: 34225 | J16: 73 | K16: 79 | L16: -272184234 | M16: 0.9998742895772517 | N16: 1.2571042274830244e-4 | O16: 0.13600642635793805 | P16: 0 | Q16: 0 | R16: 0 | S16: 0 | T16: 57.431486 | U16: =IF(OR(P16=1,Q16=1),1,0) -> 0 | V16: =IF(OR(R16=1,S16=1),1,0) -> 0
A17: dza | B17: Algeria | C17: rus | D17: Russian Federation | E17: 03 | F17: Animal or vegetable fats and oils and their cleavage products; prepared edible fats; animal or vegetble waxes | G17: 15 | H17: 373311108 | I17: 2728 | J17: 9 | K17: 78 | L17: -373308380 | M17: 0.9999926924755074 | N17: 7.307524492609484e-6 | O17: 0.1864924892506601 | P17: 0 | Q17: 0 | R17: 1 | S17: 0 | T17: 57.431486 | U17: =IF(OR(P17=1,Q17=1),1,0) -> 0 | V17: =IF(OR(R17=1,S17=1),1,0) -> 1
A18: dza | B18: Algeria | C18: rus | D18: Russian Federation | E18: 17 | F18: Vehicles, aircraft, vessels and associated transport equipment | G18: 88 | H18: 116976625 | I18: 1370831 | J18: 12 | K18: 44 | L18: -115605794 | M18: 0.9884168950788431 | N18: 0.011583104921156903 | O18: 0.059121601 | P18: 0 | Q18: 0 | R18: 0 | S18: 0 | T18: 57.431486 | U18: =IF(OR(P18=1,Q18=1),1,0) -> 0 | V18: =IF(OR(R18=1,S18=1),1,0) -> 0
A19: dza | B19: Algeria | C19: rus | D19: Russian Federation | E19: 15 | F19: Base metals and articles of base metal | G19: 72 | H19: 593766506 | I19: 0 | J19: 29 | K19: 74 | L19: -593766506 | M19: 1 | N19: 0 | O19: 0.2966217242952844 | P19: 0 | Q19: 0 | R19: 0 | S19: 0 | T19: 57.431486 | U19: =IF(OR(P19=1,Q19=1),1,0) -> 0 | V19: =IF(OR(R19=1,S19=1),1,0) -> 0
A20: dza | B20: Algeria | C20: rus | D20: Russian Federation | E20: 02 | F20: Vegetable products | G20: 10 | H20: 64943498 | I20: 0 | J20: 63 | K20: 65 | L20: -64943498 | M20: 1 | N20: 0 | O20: 0.032443144 | P20: 0 | Q20: 0 | R20: 0 | S20: 0 | T20: 57.431486 | U20: =IF(OR(P20=1,Q20=1),1,0) -> 0 | V20: =IF(OR(R20=1,S20=1),1,0) -> 0
A21: dza | B21: Algeria | C21: rus | D21: Russian Federation | E21: 02 | F21: Vegetable products | G21: 07 | H21: 13684757 | I21: 449 | J21: 25 | K21: 82 | L21: -13684308 | M21: 0.99996719 | N21: 3.280915172193974e-5 | O21: 0.0068365753 | P21: 0 | Q21: 0 | R21: 0 | S21: 0 | T21: 57.431486 | U21: =IF(OR(P21=1,Q21=1),1,0) -> 0 | V21: =IF(OR(R21=1,S21=1),1,0) -> 0
A22: dza | B22: Algeria | C22: rus | D22: Russian Federation | E22: 15 | F22: Base metals and articles of base metal | G22: 82 | H22: 11253145 | I22: 0 | J22: 17 | K22: 96 | L22: -11253145 | M22: 1 | N22: 0 | O22: 0.005621616 | P22: 0 | Q22: 0 | R22: 0 | S22: 0 | T22: 57.431486 | U22: =IF(OR(P22=1,Q22=1),1,0) -> 0 | V22: =IF(OR(R22=1,S22=1),1,0) -> 0
A23: dza | B23: Algeria | C23: rus | D23: Russian Federation | E23: 15 | F23: Base metals and articles of base metal | G23: 73 | H23: 17174226 | I23: 0 | J23: 42 | K23: 103 | L23: -17174226 | M23: 1 | N23: 0 | O23: 0.0085795485 | P23: 0 | Q23: 0 | R23: 0 | S23: 0 | T23: 57.431486 | U23: =IF(OR(P23=1,Q23=1),1,0) -> 0 | V23: =IF(OR(R23=1,S23=1),1,0) -> 0
A24: dza | B24: Algeria | C24: rus | D24: Russian Federation | E24: 10 | F24: Pulp of wood or of other fibrous cellulosic material, recovered (waste and scrap) paper or paperboard, paper and paperboard and articles thereof | G24: 48 | H24: 8716893 | I24: 1141 | J24: 77 | K24: 83 | L24: -8715752 | M24: 0.9998691218685314 | N24: 1.3087813146863157e-4 | O24: 0.0043551771 | P24: 0 | Q24: 0 | R24: 0 | S24: 0 | T24: 57.431486 | U24: =IF(OR(P24=1,Q24=1),1,0) -> 0 | V24: =IF(OR(R24=1,S24=1),1,0) -> 0
A25: dza | B25: Algeria | C25: rus | D25: Russian Federation | E25: 07 | F25: Plastics and articles thereof, rubber and articles thereof | G25: 40 | H25: 3350479 | I25: 0 | J25: 68 | K25: 97 | L25: -3350479 | M25: 1 | N25: 0 | O25: 0.0016737638 | P25: 0 | Q25: 0 | R25: 0 | S25: 0 | T25: 57.431486 | U25: =IF(OR(P25=1,Q25=1),1,0) -> 0 | V25: =IF(OR(R25=1,S25=1),1,0) -> 0
A26: dza | B26: Algeria | C26: rus | D26: Russian Federation | E26: 06 | F26: Product of the chemicals or allied industries | G26: 31 | H26: 7835639 | I26: 0 | J26: 103 | K26: 51 | L26: -7835639 | M26: 1 | N26: 0 | O26: 0.0039143682 | P26: 0 | Q26: 0 | R26: 0 | S26: 0 | T26: 57.431486 | U26: =IF(OR(P26=1,Q26=1),1,0) -> 0 | V26: =IF(OR(R26=1,S26=1),1,0) -> 0
A27: dza | B27: Algeria | C27: rus | D27: Russian Federation | E27: 06 | F27: Product of the chemicals or allied industries | G27: 28 | H27: 9835649 | I27: 0 | J27: 76 | K27: 85 | L27: -9835649 | M27: 1 | N27: 0 | O27: 0.0049134923 | P27: 0 | Q27: 0 | R27: 0 | S27: 0 | T27: 57.431486 | U27: =IF(OR(P27=1,Q27=1),1,0) -> 0 | V27: =IF(OR(R27=1,S27=1),1,0) -> 0
A28: dza | B28: Algeria | C28: rus | D28: Russian Federation | E28: 07 | F28: Plastics and articles thereof, rubber and articles thereof | G28: 39 | H28: 3235808 | I28: 0 | J28: 69 | K28: 109 | L28: -3235808 | M28: 1 | N28: 0 | O28: 0.0016164788 | P28: 0 | Q28: 0 | R28: 0 | S28: 0 | T28: 57.431486 | U28: =IF(OR(P28=1,Q28=1),1,0) -> 0 | V28: =IF(OR(R28=1,S28=1),1,0) -> 0
A29: dza | B29: Algeria | C29: rus | D29: Russian Federation | E29: 16 | F29: Machinery and mechanical appliances, electrical equipment, parts thereof, sound recorders and reproducers, television image and souch recorders and reproducers, and parts and accessories of such articles | G29: 84 | H29: 20495514 | I29: 10626 | J29: 56 | K29: 102 | L29: -20484888 | M29: 0.9994818137396897 | N29: 5.181862603103266e-4 | O29: 0.010244037923958787 | P29: 0 | Q29: 0 | R29: 0 | S29: 0 | T29: 57.431486 | U29: =IF(OR(P29=1,Q29=1),1,0) -> 0 | V29: =IF(OR(R29=1,S29=1),1,0) -> 0
A30: dza | B30: Algeria | C30: rus | D30: Russian Federation | E30: 06 | F30: Product of the chemicals or allied industries | G30: 38 | H30: 5566416 | I30: 0 | J30: 50 | K30: 87 | L30: -5566416 | M30: 1 | N30: 0 | O30: 0.0027807562 | P30: 0 | Q30: 0 | R30: 0 | S30: 0 | T30: 57.431486 | U30: =IF(OR(P30=1,Q30=1),1,0) -> 0 | V30: =IF(OR(R30=1,S30=1),1,0) -> 0
A31: dza | B31: Algeria | C31: rus | D31: Russian Federation | E31: 16 | F31: Machinery and mechanical appliances, electrical equipment, parts thereof, sound recorders and reproducers, television image and souch recorders and reproducers, and parts and accessories of such articles | G31: 85 | H31: 177185588 | I31: 1160595 | J31: 19 | K31: 69 | L31: -176024993 | M31: 0.9934924595498632 | N31: 0.0065075405 | O31: 0.089094538 | P31: 0 | Q31: 0 | R31: 0 | S31: 0 | T31: 57.431486 | U31: =IF(OR(P31=1,Q31=1),1,0) -> 0 | V31: =IF(OR(R31=1,S31=1),1,0) -> 0
A32: dza | B32: Algeria | C32: rus | D32: Russian Federation | E32: 15 | F32: Base metals and articles of base metal | G32: 74 | H32: 975164 | I32: 0 | J32: 65 | K32: 84 | L32: -975164 | M32: 1 | N32: 0 | O32: 4.871524820409568e-4 | P32: 0 | Q32: 0 | R32: 0 | S32: 0 | T32: 57.431486 | U32: =IF(OR(P32=1,Q32=1),1,0) -> 0 | V32: =IF(OR(R32=1,S32=1),1,0) -> 0
A33: dza | B33: Algeria | C33: rus | D33: Russian Federation | E33: 11 | F33: Textile and textile articles | G33: 56 | H33: 2184567 | I33: 0 | J33: 33 | K33: 77 | L33: -2184567 | M33: 1 | N33: 0 | O33: 0.0010913213 | P33: 0 | Q33: 0 | R33: 0 | S33: 0 | T33: 57.431486 | U33: =IF(OR(P33=1,Q33=1),1,0) -> 0 | V33: =IF(OR(R33=1,S33=1),1,0) -> 0
A34: dza | B34: Algeria | C34: rus | D34: Russian Federation | E34: 05 | F34: Mineral products | G34: 25 | H34: 1386758 | I34: 78 | J34: 69 | K34: 89 | L34: -1386680 | M34: 0.9999437568681516 | N34: 5.624313184832237e-5 | O34: 6.928071581639113e-4 | P34: 0 | Q34: 0 | R34: 0 | S34: 0 | T34: 57.431486 | U34: =IF(OR(P34=1,Q34=1),1,0) -> 0 | V34: =IF(OR(R34=1,S34=1),1,0) -> 0
A35: dza | B35: Algeria | C35: rus | D35: Russian Federation | E35: 17 | F35: Vehicles, aircraft, vessels and associated transport equipment | G35: 87 | H35: 92181856 | I35: 0 | J35: 16 | K35: 96 | L35: -92181856 | M35: 1 | N35: 0 | O35: 0.046050326 | P35: 0 | Q35: 0 | R35: 0 | S35: 0 | T35: 57.431486 | U35: =IF(OR(P35=1,Q35=1),1,0) -> 0 | V35: =IF(OR(R35=1,S35=1),1,0) -> 0
A36: dza | B36: Algeria | C36: rus | D36: Russian Federation | E36: 06 | F36: Product of the chemicals or allied industries | G36: 29 | H36: 1237632 | I36: 0 | J36: 89 | K36: 81 | L36: -1237632 | M36: 1 | N36: 0 | O36: 6.182708761329514e-4 | P36: 0 | Q36: 0 | R36: 0 | S36: 0 | T36: 57.431486 | U36: =IF(OR(P36=1,Q36=1),1,0) -> 0 | V36: =IF(OR(R36=1,S36=1),1,0) -> 0
A37: dza | B37: Algeria | C37: rus | D37: Russian Federation | E37: 06 | F37: Product of the chemicals or allied industries | G37: 33 | H37: 2167750 | I37: 0 | J37: 53 | K37: 95 | L37: -2167750 | M37: 1 | N37: 0 | O37: 0.0010829202 | P37: 0 | Q37: 0 | R37: 0 | S37: 0 | T37: 57.431486 | U37: =IF(OR(P37=1,Q37=1),1,0) -> 0 | V37: =IF(OR(R37=1,S37=1),1,0) -> 0
A38: dza | B38: Algeria | C38: rus | D38: Russian Federation | E38: 15 | F38: Base metals and articles of base metal | G38: 78 | H38: 188348 | I38: 0 | J38: 48 | K38: 44 | L38: -188348 | M38: 1 | N38: 0 | O38: 9.409104077616702e-5 | P38: 0 | Q38: 0 | R38: 0 | S38: 0 | T38: 57.431486 | U38: =IF(OR(P38=1,Q38=1),1,0) -> 0 | V38: =IF(OR(R38=1,S38=1),1,0) -> 0
A39: dza | B39: Algeria | C39: rus | D39: Russian Federation | E39: 09 | F39: Wood and articles of wood, wood charcoal, cork and articles of cork, manufacturers of straw, of esparto or of other plaiting materials, basketwork and wickerwork | G39: 44 | H39: 418087 | I39: 0 | J39: 104 | K39: 103 | L39: -418087 | M39: 1 | N39: 0 | O39: 2.0885935059031867e-4 | P39: 0 | Q39: 0 | R39: 0 | S39: 0 | T39: 57.431486 | U39: =IF(OR(P39=1,Q39=1),1,0) -> 0 | V39: =IF(OR(R39=1,S39=1),1,0) -> 0
A40: dza | B40: Algeria | C40: rus | D40: Russian Federation | E40: 02 | F40: Vegetable products | G40: 11 | H40: 444444 | I40: 0 | J40: 56 | K40: 71 | L40: -444444 | M40: 1 | N40: 0 | O40: 2.2202624146113988e-4 | P40: 0 | Q40: 0 | R40: 0 | S40: 0 | T40: 57.431486 | U40: =IF(OR(P40=1,Q40=1),1,0) -> 0 | V40: =IF(OR(R40=1,S40=1),1,0) -> 0
A41: dza | B41: Algeria | C41: rus | D41: Russian Federation | E41: 06 | F41: Product of the chemicals or allied industries | G41: 32 | H41: 2550816 | I41: 0 | J41: 33 | K41: 80 | L41: -2550816 | M41: 1 | N41: 0 | O41: 0.0012742845 | P41: 0 | Q41: 0 | R41: 0 | S41: 0 | T41: 57.431486 | U41: =IF(OR(P41=1,Q41=1),1,0) -> 0 | V41: =IF(OR(R41=1,S41=1),1,0) -> 0
A42: dza | B42: Algeria | C42: rus | D42: Russian Federation | E42: 10 | F42: Pulp of wood or of other fibrous cellulosic material, recovered (waste and scrap) paper or paperboard, paper and paperboard and articles thereof | G42: 49 | H42: 671883 | I42: 0 | J42: 47 | K42: 109 | L42: -671883 | M42: 1 | N42: 0 | O42: 3.356455643267432e-4 | P42: 0 | Q42: 0 | R42: 0 | S42: 0 | T42: 57.431486 | U42: =IF(OR(P42=1,Q42=1),1,0) -> 0 | V42: =IF(OR(R42=1,S42=1),1,0) -> 0
A43: dza | B43: Algeria | C43: rus | D43: Russian Federation | E43: 02 | F43: Vegetable products | G43: 09 | H43: 141807 | I43: 0 | J43: 53 | K43: 110 | L43: -141807 | M43: 1 | N43: 0 | O43: 7.084104009251978e-5 | P43: 0 | Q43: 0 | R43: 0 | S43: 0 | T43: 57.431486 | U43: =IF(OR(P43=1,Q43=1),1,0) -> 0 | V43: =IF(OR(R43=1,S43=1),1,0) -> 0
A44: dza | B44: Algeria | C44: rus | D44: Russian Federation | E44: 06 | F44: Product of the chemicals or allied industries | G44: 34 | H44: 163431 | I44: 0 | J44: 79 | K44: 87 | L44: -163431 | M44: 1 | N44: 0 | O44: 8.164351564704564e-5 | P44: 0 | Q44: 0 | R44: 0 | S44: 0 | T44: 57.431486 | U44: =IF(OR(P44=1,Q44=1),1,0) -> 0 | V44: =IF(OR(R44=1,S44=1),1,0) -> 0
A45: dza | B45: Algeria | C45: rus | D45: Russian Federation | E45: 04 | F45: Prepared foodstuffs, beverages, spirits and vinegar, tobacco and manufactured tobacco substitutes | G45: 17 | H45: 73915 | I45: 645 | J45: 82 | K45: 80 | L45: -73270 | M45: 0.9913492489270386 | N45: 0.0086507511 | O45: 3.724715951468034e-5 | P45: 0 | Q45: 0 | R45: 0 | S45: 0 | T45: 57.431486 | U45: =IF(OR(P45=1,Q45=1),1,0) -> 0 | V45: =IF(OR(R45=1,S45=1),1,0) -> 0
A46: dza | B46: Algeria | C46: rus | D46: Russian Federation | E46: 13 | F46: Articles of stone, plaster, cement, asbestos, mica, or similar materials, ceramic products, glass and glassware | G46: 70 | H46: 132881 | I46: 0 | J46: 87 | K46: 88 | L46: -132881 | M46: 1 | N46: 0 | O46: 6.63819716130665e-5 | P46: 0 | Q46: 0 | R46: 0 | S46: 0 | T46: 57.431486 | U46: =IF(OR(P46=1,Q46=1),1,0) -> 0 | V46: =IF(OR(R46=1,S46=1),1,0) -> 0
A47: dza | B47: Algeria | C47: rus | D47: Russian Federation | E47: 06 | F47: Product of the chemicals or allied industries | G47: 30 | H47: 39618 | I47: 0 | J47: 109 | K47: 91 | L47: -39618 | M47: 1 | N47: 0 | O47: 1.979154996851671e-5 | P47: 0 | Q47: 0 | R47: 0 | S47: 0 | T47: 57.431486 | U47: =IF(OR(P47=1,Q47=1),1,0) -> 0 | V47: =IF(OR(R47=1,S47=1),1,0) -> 0
A48: dza | B48: Algeria | C48: rus | D48: Russian Federation | E48: 02 | F48: Vegetable products | G48: 12 | H48: 87246 | I48: 717493 | J48: 72 | K48: 50 | L48: 630247 | M48: 0.10841527501463208 | N48: 0.8915847249853679 | O48: 4.020150469512385e-4 | P48: 0 | Q48: 0 | R48: 0 | S48: 0 | T48: 57.431486 | U48: =IF(OR(P48=1,Q48=1),1,0) -> 0 | V48: =IF(OR(R48=1,S48=1),1,0) -> 0
A49: dza | B49: Algeria | C49: rus | D49: Russian Federation | E49: 18 | F49: Optical, photographic, cinematographic, measuring, checking, precision, medical or surgical instruments and apparatus, clocks and watches, musical instruments, parts and accessories thereof | G49: 90 | H49: 1307059 | I49: 1001 | J49: 76 | K49: 98 | L49: -1306058 | M49: 0.9992347445835817 | N49: 7.652554164182072e-4 | O49: 6.534538556165876e-4 | P49: 0 | Q49: 0 | R49: 0 | S49: 0 | T49: 57.431486 | U49: =IF(OR(P49=1,Q49=1),1,0) -> 0 | V49: =IF(OR(R49=1,S49=1),1,0) -> 0
A50: dza | B50: Algeria | C50: rus | D50: Russian Federation | E50: 13 | F50: Articles of stone, plaster, cement, asbestos, mica, or similar materials, ceramic products, glass and glassware | G50: 68 | H50: 29013 | I50: 0 | J50: 95 | K50: 85 | L50: -29013 | M50: 1 | N50: 0 | O50: 1.4493721016623132e-5 | P50: 0 | Q50: 0 | R50: 0 | S50: 0 | T50: 57.431486 | U50: =IF(OR(P50=1,Q50=1),1,0) -> 0 | V50: =IF(OR(R50=1,S50=1),1,0) -> 0
A51: dza | B51: Algeria | C51: rus | D51: Russian Federation | E51: 11 | F51: Textile and textile articles | G51: 62 | H51: 5102 | I51: 0 | J51: 98 | K51: 105 | L51: -5102 | M51: 1 | N51: 0 | O51: 2.548752787605943e-6 | P51: 0 | Q51: 0 | R51: 0 | S51: 0 | T51: 57.431486 | U51: =IF(OR(P51=1,Q51=1),1,0) -> 0 | V51: =IF(OR(R51=1,S51=1),1,0) -> 0
A52: dza | B52: Algeria | C52: rus | D52: Russian Federation | E52: 15 | F52: Base metals and articles of base metal | G52: 83 | H52: 106275 | I52: 0 | J52: 61 | K52: 85 | L52: -106275 | M52: 1 | N52: 0 | O52: 5.309069041607636e-5 | P52: 0 | Q52: 0 | R52: 0 | S52: 0 | T52: 57.431486 | U52: =IF(OR(P52=1,Q52=1),1,0) -> 0 | V52: =IF(OR(R52=1,S52=1),1,0) -> 0
A53: dza | B53: Algeria | C53: rus | D53: Russian Federation | E53: 11 | F53: Textile and textile articles | G53: 63 | H53: 6051 | I53: 0 | J53: 103 | K53: 108 | L53: -6051 | M53: 1 | N53: 0 | O53: 3.022834793767848e-6 | P53: 0 | Q53: 0 | R53: 0 | S53: 0 | T53: 57.431486 | U53: =IF(OR(P53=1,Q53=1),1,0) -> 0 | V53: =IF(OR(R53=1,S53=1),1,0) -> 0
A54: dza | B54: Algeria | C54: rus | D54: Russian Federation | E54: 01 | F54: Live animals and animal products | G54: 03 | H54: 2715 | I54: 0 | J54: 97 | K54: 77 | L54: -2715 | M54: 1 | N54: 0 | O54: 1.3563041588298971e-6 | P54: 0 | Q54: 0 | R54: 0 | S54: 0 | T54: 57.431486 | U54: =IF(OR(P54=1,Q54=1),1,0) -> 0 | V54: =IF(OR(R54=1,S54=1),1,0) -> 0
A55: dza | B55: Algeria | C55: rus | D55: Russian Federation | E55: 15 | F55: Base metals and articles of base metal | G55: 76 | H55: 101659 | I55: 0 | J55: 100 | K55: 92 | L55: -101659 | M55: 1 | N55: 0 | O55: 5.0784723566294114e-5 | P55: 0 | Q55: 0 | R55: 0 | S55: 0 | T55: 57.431486 | U55: =IF(OR(P55=1,Q55=1),1,0) -> 0 | V55: =IF(OR(R55=1,S55=1),1,0) -> 0
A56: dza | B56: Algeria | C56: rus | D56: Russian Federation | E56: 20 | F56: Miscellaneous manufactured articles | G56: 96 | H56: 134 | I56: 0 | J56: 119 | K56: 90 | L56: -134 | M56: 1 | N56: 0 | O56: 6.694097874151242e-8 | P56: 0 | Q56: 0 | R56: 0 | S56: 0 | T56: 57.431486 | U56: =IF(OR(P56=1,Q56=1),1,0) -> 0 | V56: =IF(OR(R56=1,S56=1),1,0) -> 0
A57: dza | B57: Algeria | C57: rus | D57: Russian Federation | E57: 15 | F57: Base metals and articles of base metal | G57: 81 | H57: 2312 | I57: 0 | J57: 76 | K57: 59 | L57: -2312 | M57: 1 | N57: 0 | O57: 1.1549816630625128e-6 | P57: 0 | Q57: 0 | R57: 0 | S57: 0 | T57: 57.431486 | U57: =IF(OR(P57=1,Q57=1),1,0) -> 0 | V57: =IF(OR(R57=1,S57=1),1,0) -> 0
A58: dza | B58: Algeria | C58: rus | D58: Russian Federation | E58: 20 | F58: Miscellaneous manufactured articles | G58: 94 | H58: 22942 | I58: 0 | J58: 103 | K58: 103 | L58: -22942 | M58: 1 | N58: 0 | O58: 1.1460895031998342e-5 | P58: 0 | Q58: 0 | R58: 0 | S58: 0 | T58: 57.431486 | U58: =IF(OR(P58=1,Q58=1),1,0) -> 0 | V58: =IF(OR(R58=1,S58=1),1,0) -> 0
A59: dza | B59: Algeria | C59: rus | D59: Russian Federation | E59: 05 | F59: Mineral products | G59: 26 | H59: 0 | I59: 43 | J59: 65 | K59: 62 | L59: 43 | M59: 0 | N59: 1 | O59: 2.1481060342425627e-8 | P59: 0 | Q59: 0 | R59: 0 | S59: 0 | T59: 57.431486 | U59: =IF(OR(P59=1,Q59=1),1,0) -> 0 | V59: =IF(OR(R59=1,S59=1),1,0) -> 0
A60: dza | B60: Algeria | C60: rus | D60: Russian Federation | E60: 02 | F60: Vegetable products | G60: 08 | H60: 0 | I60: 11022033 | J60: 74 | K60: 43 | L60: 11022033 | M60: 0 | N60: 1 | O60: 0.0055061618 | P60: 0 | Q60: 0 | R60: 0 | S60: 0 | T60: 57.431486 | U60: =IF(OR(P60=1,Q60=1),1,0) -> 0 | V60: =IF(OR(R60=1,S60=1),1,0) -> 0
A61: ago | B61: Angola | C61: rus | D61: Russian Federation | E61: 99 | F61: NA | G61: 99 | H61: 397198325 | I61: 368 | J61: 15 | K61: 95 | L61: -397197957 | M61: 0.9999990735115536 | N61: 9.264884464259806e-7 | O61: 0.49702066289871044 | P61: 0 | Q61: 0 | R61: 0 | S61: 0 | T61: 39.663425 | U61: =IF(OR(P61=1,Q61=1),1,0) -> 0 | V61: =IF(OR(R61=1,S61=1),1,0) -> 0
A62: ago | B62: Angola | C62: rus | D62: Russian Federation | E62: 05 | F62: Mineral products | G62: 27 | H62: 198507721 | I62: 0 | J62: 80 | K62: 91 | L62: -198507721 | M62: 1 | N62: 0 | O62: 0.24839567909135155 | P62: 0 | Q62: 0 | R62: 0 | S62: 0 | T62: 39.663425 | U62: =IF(OR(P62=1,Q62=1),1,0) -> 0 | V62: =IF(OR(R62=1,S62=1),1,0) -> 0
A63: ago | B63: Angola | C63: rus | D63: Russian Federation | E63: 16 | F63: Machinery and mechanical appliances, electrical equipment, parts thereof, sound recorders and reproducers, television image and souch recorders and reproducers, and parts and accessories of such articles | G63: 84 | H63: 32228639 | I63: 3557615 | J63: 50 | K63: 70 | L63: -28671024 | M63: 0.9005871081113994 | N63: 0.099412892 | O63: 0.044779875 | P63: 0 | Q63: 0 | R63: 0 | S63: 0 | T63: 39.663425 | U63: =IF(OR(P63=1,Q63=1),1,0) -> 0 | V63: =IF(OR(R63=1,S63=1),1,0) -> 0
A64: ago | B64: Angola | C64: rus | D64: Russian Federation | E64: 06 | F64: Product of the chemicals or allied industries | G64: 31 | H64: 26123480 | I64: 0 | J64: 81 | K64: 51 | L64: -26123480 | M64: 1 | N64: 0 | O64: 0.032688701 | P64: 0 | Q64: 0 | R64: 0 | S64: 0 | T64: 39.663425 | U64: =IF(OR(P64=1,Q64=1),1,0) -> 0 | V64: =IF(OR(R64=1,S64=1),1,0) -> 0
A65: ago | B65: Angola | C65: rus | D65: Russian Federation | E65: 16 | F65: Machinery and mechanical appliances, electrical equipment, parts thereof, sound recorders and reproducers, television image and souch recorders and reproducers, and parts and accessories of such articles | G65: 85 | H65: 4825111 | I65: 50560 | J65: 76 | K65: 91 | L65: -4774551 | M65: 0.9896301452661592 | N65: 0.010369854733840738 | O65: 0.006101 | P65: 0 | Q65: 0 | R65: 0 | S65: 0 | T65: 39.663425 | U65: =IF(OR(P65=1,Q65=1),1,0) -> 0 | V65: =IF(OR(R65=1,S65=1),1,0) -> 0
A66: ago | B66: Angola | C66: rus | D66: Russian Federation | E66: 17 | F66: Vehicles, aircraft, vessels and associated transport equipment | G66: 87 | H66: 3998412 | I66: 112213 | J66: 66 | K66: 76 | L66: -3886199 | M66: 0.9727017181085601 | N66: 0.027298281891439867 | O66: 0.0051436865 | P66: 0 | Q66: 0 | R66: 0 | S66: 0 | T66: 39.663425 | U66: =IF(OR(P66=1,Q66=1),1,0) -> 0 | V66: =IF(OR(R66=1,S66=1),1,0) -> 0
A67: ago | B67: Angola | C67: rus | D67: Russian Federation | E67: 15 | F67: Base metals and articles of base metal | G67: 73 | H67: 3453681 | I67: 197433 | J67: 62 | K67: 73 | L67: -3256248 | M67: 0.9459252710268702 | N67: 0.054074729 | O67: 0.0045686935 | P67: 0 | Q67: 0 | R67: 0 | S67: 0 | T67: 39.663425 | U67: =IF(OR(P67=1,Q67=1),1,0) -> 0 | V67: =IF(OR(R67=1,S67=1),1,0) -> 0
A68: ago | B68: Angola | C68: rus | D68: Russian Federation | E68: 07 | F68: Plastics and articles thereof, rubber and articles thereof | G68: 40 | H68: 1510663 | I68: 7411 | J68: 82 | K68: 84 | L68: -1503252 | M68: 0.9951181562954111 | N68: 0.0048818437 | O68: 0.0018995887 | P68: 0 | Q68: 0 | R68: 0 | S68: 0 | T68: 39.663425 | U68: =IF(OR(P68=1,Q68=1),1,0) -> 0 | V68: =IF(OR(R68=1,S68=1),1,0) -> 0
A69: ago | B69: Angola | C69: rus | D69: Russian Federation | E69: 06 | F69: Product of the chemicals or allied industries | G69: 38 | H69: 3618088 | I69: 0 | J69: 58 | K69: 87 | L69: -3618088 | M69: 1 | N69: 0 | O69: 0.0045273676 | P69: 0 | Q69: 0 | R69: 0 | S69: 0 | T69: 39.663425 | U69: =IF(OR(P69=1,Q69=1),1,0) -> 0 | V69: =IF(OR(R69=1,S69=1),1,0) -> 0
A70: ago | B70: Angola | C70: rus | D70: Russian Federation | E70: 10 | F70: Pulp of wood or of other fibrous cellulosic material, recovered (waste and scrap) paper or paperboard, paper and paperboard and articles thereof | G70: 48 | H70: 943394 | I70: 507 | J70: 112 | K70: 87 | L70: -942887 | M70: 0.9994628673981699 | N70: 5.371326018300648e-4 | O70: 0.0011811174 | P70: 0 | Q70: 0 | R70: 0 | S70: 0 | T70: 39.663425 | U70: =IF(OR(P70=1,Q70=1),1,0) -> 0 | V70: =IF(OR(R70=1,S70=1),1,0) -> 0
A71: ago | B71: Angola | C71: rus | D71: Russian Federation | E71: 06 | F71: Product of the chemicals or allied industries | G71: 28 | H71: 5097522 | I71: 117872 | J71: 89 | K71: 69 | L71: -4979650 | M71: 0.9773992147093776 | N71: 0.022600785290622337 | O71: 0.0065261005 | P71: 0 | Q71: 0 | R71: 0 | S71: 0 | T71: 39.663425 | U71: =IF(OR(P71=1,Q71=1),1,0) -> 0 | V71: =IF(OR(R71=1,S71=1),1,0) -> 0
A72: ago | B72: Angola | C72: rus | D72: Russian Federation | E72: 01 | F72: Live animals and animal products | G72: 02 | H72: 3838354 | I72: 0 | J72: 17 | K72: 59 | L72: -3838354 | M72: 1 | N72: 0 | O72: 0.0048029897 | P72: 0 | Q72: 0 | R72: 0 | S72: 0 | T72: 39.663425 | U72: =IF(OR(P72=1,Q72=1),1,0) -> 0 | V72: =IF(OR(R72=1,S72=1),1,0) -> 0
A73: ago | B73: Angola | C73: rus | D73: Russian Federation | E73: 18 | F73: Optical, photographic, cinematographic, measuring, checking, precision, medical or surgical instruments and apparatus, clocks and watches, musical instruments, parts and accessories thereof | G73: 90 | H73: 1171579 | I73: 1474655 | J73: 78 | K73: 64 | L73: 303076 | M73: 0.4427344671710816 | N73: 0.5572655328289183 | O73: 0.0033112722 | P73: 0 | Q73: 0 | R73: 0 | S73: 0 | T73: 39.663425 | U73: =IF(OR(P73=1,Q73=1),1,0) -> 0 | V73: =IF(OR(R73=1,S73=1),1,0) -> 0
A74: ago | B74: Angola | C74: rus | D74: Russian Federation | E74: 15 | F74: Base metals and articles of base metal | G74: 82 | H74: 1155472 | I74: 42627 | J74: 59 | K74: 69 | L74: -1112845 | M74: 0.9644211371514374 | N74: 0.035578863 | O74: 0.0014991992 | P74: 0 | Q74: 0 | R74: 0 | S74: 0 | T74: 39.663425 | U74: =IF(OR(P74=1,Q74=1),1,0) -> 0 | V74: =IF(OR(R74=1,S74=1),1,0) -> 0
A75: ago | B75: Angola | C75: rus | D75: Russian Federation | E75: 07 | F75: Plastics and articles thereof, rubber and articles thereof | G75: 39 | H75: 808797 | I75: 8968 | J75: 91 | K75: 91 | L75: -799829 | M75: 0.9890335243009911 | N75: 0.010966475699008884 | O75: 0.0010232816 | P75: 0 | Q75: 0 | R75: 0 | S75: 0 | T75: 39.663425 | U75: =IF(OR(P75=1,Q75=1),1,0) -> 0 | V75: =IF(OR(R75=1,S75=1),1,0) -> 0
A76: ago | B76: Angola | C76: rus | D76: Russian Federation | E76: 13 | F76: Articles of stone, plaster, cement, asbestos, mica, or similar materials, ceramic products, glass and glassware | G76: 70 | H76: 234036 | I76: 890 | J76: 80 | K76: 74 | L76: -233146 | M76: 0.9962115730059679 | N76: 0.003788427 | O76: 2.9396641607816785e-4 | P76: 0 | Q76: 0 | R76: 0 | S76: 0 | T76: 39.663425 | U76: =IF(OR(P76=1,Q76=1),1,0) -> 0 | V76: =IF(OR(R76=1,S76=1),1,0) -> 0
A77: ago | B77: Angola | C77: rus | D77: Russian Federation | E77: 06 | F77: Product of the chemicals or allied industries | G77: 32 | H77: 51123 | I77: 0 | J77: 92 | K77: 80 | L77: -51123 | M77: 1 | N77: 0 | O77: 6.397097421811197e-5 | P77: 0 | Q77: 0 | R77: 0 | S77: 0 | T77: 39.663425 | U77: =IF(OR(P77=1,Q77=1),1,0) -> 0 | V77: =IF(OR(R77=1,S77=1),1,0) -> 0
A78: ago | B78: Angola | C78: rus | D78: Russian Federation | E78: 11 | F78: Textile and textile articles | G78: 62 | H78: 112278 | I78: 3262 | J78: 62 | K78: 87 | L78: -109016 | M78: 0.9717673532975593 | N78: 0.028232646702440713 | O78: 1.4457692938913322e-4 | P78: 0 | Q78: 0 | R78: 0 | S78: 0 | T78: 39.663425 | U78: =IF(OR(P78=1,Q78=1),1,0) -> 0 | V78: =IF(OR(R78=1,S78=1),1,0) -> 0
A79: ago | B79: Angola | C79: rus | D79: Russian Federation | E79: 20 | F79: Miscellaneous manufactured articles | G79: 94 | H79: 657378 | I79: 88838 | J79: 63 | K79: 72 | L79: -568540 | M79: 0.8809486797388424 | N79: 0.11905132026115763 | O79: 9.33751237156322e-4 | P79: 0 | Q79: 0 | R79: 0 | S79: 0 | T79: 39.663425 | U79: =IF(OR(P79=1,Q79=1),1,0) -> 0 | V79: =IF(OR(R79=1,S79=1),1,0) -> 0
A80: ago | B80: Angola | C80: rus | D80: Russian Federation | E80: 12 | F80: Footwear, headgear, umbrellas, sun umbrellas, walking-sticks, seat-sticks, whips, riding-crops and parts thereof, prepared feathers and articles made therewith, artificial flowers, articles of human hair. | G80: 64 | H80: 53565 | I80: 893 | J80: 58 | K80: 80 | L80: -52672 | M80: 0.9836020419405781 | N80: 0.016397958 | O80: 6.814410957827087e-5 | P80: 0 | Q80: 0 | R80: 0 | S80: 0 | T80: 39.663425 | U80: =IF(OR(P80=1,Q80=1),1,0) -> 0 | V80: =IF(OR(R80=1,S80=1),1,0) -> 0
A81: ago | B81: Angola | C81: rus | D81: Russian Federation | E81: 15 | F81: Base metals and articles of base metal | G81: 83 | H81: 39584 | I81: 9 | J81: 76 | K81: 83 | L81: -39575 | M81: 0.9997726870911525 | N81: 2.2731290884752355e-4 | O81: 4.954331283801239e-5 | P81: 0 | Q81: 0 | R81: 0 | S81: 0 | T81: 39.663425 | U81: =IF(OR(P81=1,Q81=1),1,0) -> 0 | V81: =IF(OR(R81=1,S81=1),1,0) -> 0
A82: ago | B82: Angola | C82: rus | D82: Russian Federation | E82: 12 | F82: Footwear, headgear, umbrellas, sun umbrellas, walking-sticks, seat-sticks, whips, riding-crops and parts thereof, prepared feathers and articles made therewith, artificial flowers, articles of human hair. | G82: 65 | H82: 14435 | I82: 64 | J82: 47 | K82: 78 | L82: -14371 | M82: 0.9955859024760328 | N82: 0.0044140975 | O82: 1.8142815468348992e-5 | P82: 0 | Q82: 0 | R82: 0 | S82: 0 | T82: 39.663425 | U82: =IF(OR(P82=1,Q82=1),1,0) -> 0 | V82: =IF(OR(R82=1,S82=1),1,0) -> 0
A83: ago | B83: Angola | C83: rus | D83: Russian Federation | E83: 13 | F83: Articles of stone, plaster, cement, asbestos, mica, or similar materials, ceramic products, glass and glassware | G83: 68 | H83: 860029 | I83: 0 | J83: 61 | K83: 85 | L83: -860029 | M83: 1 | N83: 0 | O83: 0.0010761671 | P83: 0 | Q83: 0 | R83: 0 | S83: 0 | T83: 39.663425 | U83: =IF(OR(P83=1,Q83=1),1,0) -> 0 | V83: =IF(OR(R83=1,S83=1),1,0) -> 0
A84: ago | B84: Angola | C84: rus | D84: Russian Federation | E84: 11 | F84: Textile and textile articles | G84: 59 | H84: 27570 | I84: 0 | J84: 52 | K84: 68 | L84: -27570 | M84: 1 | N84: 0 | O84: 3.449875318728062e-5 | P84: 0 | Q84: 0 | R84: 0 | S84: 0 | T84: 39.663425 | U84: =IF(OR(P84=1,Q84=1),1,0) -> 0 | V84: =IF(OR(R84=1,S84=1),1,0) -> 0
A85: ago | B85: Angola | C85: rus | D85: Russian Federation | E85: 13 | F85: Articles of stone, plaster, cement, asbestos, mica, or similar materials, ceramic products, glass and glassware | G85: 69 | H85: 207788 | I85: 8673 | J85: 52 | K85: 69 | L85: -199115 | M85: 0.95993274 | N85: 0.040067264 | O85: 2.7086088551584874e-4 | P85: 0 | Q85: 0 | R85: 0 | S85: 0 | T85: 39.663425 | U85: =IF(OR(P85=1,Q85=1),1,0) -> 0 | V85: =IF(OR(R85=1,S85=1),1,0) -> 0
A86: ago | B86: Angola | C86: rus | D86: Russian Federation | E86: 10 | F86: Pulp of wood or of other fibrous cellulosic material, recovered (waste and scrap) paper or paperboard, paper and paperboard and articles thereof | G86: 49 | H86: 16597641 | I86: 3415 | J86: 12 | K86: 75 | L86: -16594226 | M86: 0.9997942901945515 | N86: 2.0570980544852086e-4 | O86: 0.020773149568089375 | P86: 0 | Q86: 0 | R86: 0 | S86: 0 | T86: 39.663425 | U86: =IF(OR(P86=1,Q86=1),1,0) -> 0 | V86: =IF(OR(R86=1,S86=1),1,0) -> 0
A87: ago | B87: Angola | C87: rus | D87: Russian Federation | E87: 15 | F87: Base metals and articles of base metal | G87: 72 | H87: 1650962 | I87: 180 | J87: 106 | K87: 72 | L87: -1650782 | M87: 0.9998909845428194 | N87: 1.0901545718054535e-4 | O87: 0.0020660987 | P87: 0 | Q87: 0 | R87: 0 | S87: 0 | T87: 39.663425 | U87: =IF(OR(P87=1,Q87=1),1,0) -> 0 | V87: =IF(OR(R87=1,S87=1),1,0) -> 0
A88: ago | B88: Angola | C88: rus | D88: Russian Federation | E88: 11 | F88: Textile and textile articles | G88: 63 | H88: 63434 | I88: 18451 | J88: 75 | K88: 80 | L88: -44983 | M88: 0.7746717958111986 | N88: 0.22532820418880137 | O88: 1.0246392472761964e-4 | P88: 0 | Q88: 0 | R88: 0 | S88: 0 | T88: 39.663425 | U88: =IF(OR(P88=1,Q88=1),1,0) -> 0 | V88: =IF(OR(R88=1,S88=1),1,0) -> 0
A89: ago | B89: Angola | C89: rus | D89: Russian Federation | E89: 21 | F89: Works of art, collectors' pieces and antiques | G89: 97 | H89: 3682 | I89: 216 | J89: 73 | K89: 84 | L89: -3466 | M89: 0.9445869676757311 | N89: 0.055413032324268856 | O89: 4.877625677331152e-6 | P89: 0 | Q89: 0 | R89: 0 | S89: 0 | T89: 39.663425 | U89: =IF(OR(P89=1,Q89=1),1,0) -> 0 | V89: =IF(OR(R89=1,S89=1),1,0) -> 0
A90: ago | B90: Angola | C90: rus | D90: Russian Federation | E90: 15 | F90: Base metals and articles of base metal | G90: 76 | H90: 32895 | I90: 4 | J90: 106 | K90: 91 | L90: -32891 | M90: 0.9998784157573178 | N90: 1.2158424268214839e-4 | O90: 4.116701055888085e-5 | P90: 0 | Q90: 0 | R90: 0 | S90: 0 | T90: 39.663425 | U90: =IF(OR(P90=1,Q90=1),1,0) -> 0 | V90: =IF(OR(R90=1,S90=1),1,0) -> 0
A91: ago | B91: Angola | C91: rus | D91: Russian Federation | E91: 20 | F91: Miscellaneous manufactured articles | G91: 95 | H91: 7128 | I91: 2810 | J91: 100 | K91: 75 | L91: -4318 | M91: 0.7172469309720265 | N91: 0.2827530690279734 | O91: 1.243556797878835e-5 | P91: 0 | Q91: 0 | R91: 0 | S91: 0 | T91: 39.663425 | U91: =IF(OR(P91=1,Q91=1),1,0) -> 0 | V91: =IF(OR(R91=1,S91=1),1,0) -> 0
A92: ago | B92: Angola | C92: rus | D92: Russian Federation | E92: 15 | F92: Base metals and articles of base metal | G92: 75 | H92: 1330 | I92: 88 | J92: 73 | K92: 48 | L92: -1242 | M92: 0.9379407616361072 | N92: 0.062059238 | O92: 1.77436459991164e-6 | P92: 0 | Q92: 0 | R92: 0 | S92: 0 | T92: 39.663425 | U92: =IF(OR(P92=1,Q92=1),1,0) -> 0 | V92: =IF(OR(R92=1,S92=1),1,0) -> 0
A93: ago | B93: Angola | C93: rus | D93: Russian Federation | E93: 08 | F93: Raw hides and skins, leather, furskins and articles thereof, saddlery and harness, travel goods, handbags and similar containers, articles of animal gut (other than silk-worm gut) | G93: 42 | H93: 13026 | I93: 7036 | J93: 68 | K93: 70 | L93: -5990 | M93: 0.6492872096500847 | N93: 0.35071279034991526 | O93: 2.510388053838316e-5 | P93: 0 | Q93: 0 | R93: 0 | S93: 0 | T93: 39.663425 | U93: =IF(OR(P93=1,Q93=1),1,0) -> 0 | V93: =IF(OR(R93=1,S93=1),1,0) -> 0
A94: ago | B94: Angola | C94: rus | D94: Russian Federation | E94: 15 | F94: Base metals and articles of base metal | G94: 74 | H94: 2625 | I94: 2738 | J94: 90 | K94: 76 | L94: 113 | M94: 0.4894648517620735 | N94: 0.5105351482379266 | O94: 6.710802079919694e-6 | P94: 0 | Q94: 0 | R94: 0 | S94: 0 | T94: 39.663425 | U94: =IF(OR(P94=1,Q94=1),1,0) -> 0 | V94: =IF(OR(R94=1,S94=1),1,0) -> 0
A95: ago | B95: Angola | C95: rus | D95: Russian Federation | E95: 11 | F95: Textile and textile articles | G95: 57 | H95: 5163 | I95: 497 | J95: 60 | K95: 68 | L95: -4666 | M95: 0.91219081 | N95: 0.087809187 | O95: 7.082442620239692e-6 | P95: 0 | Q95: 0 | R95: 0 | S95: 0 | T95: 39.663425 | U95: =IF(OR(P95=1,Q95=1),1,0) -> 0 | V95: =IF(OR(R95=1,S95=1),1,0) -> 0
A96: ago | B96: Angola | C96: rus | D96: Russian Federation | E96: 06 | F96: Product of the chemicals or allied industries | G96: 33 | H96: 3713 | I96: 87 | J96: 115 | K96: 92 | L96: -3626 | M96: 0.9771052631578947 | N96: 0.022894736842105263 | O96: 4.754996812175058e-6 | P96: 0 | Q96: 0 | R96: 0 | S96: 0 | T96: 39.663425 | U96: =IF(OR(P96=1,Q96=1),1,0) -> 0 | V96: =IF(OR(R96=1,S96=1),1,0) -> 0
A97: ago | B97: Angola | C97: rus | D97: Russian Federation | E97: 11 | F97: Textile and textile articles | G97: 52 | H97: 1955 | I97: 150 | J97: 63 | K97: 64 | L97: -1805 | M97: 0.9287410926365796 | N97: 0.071258907 | O97: 2.6340179709548677e-6 | P97: 0 | Q97: 0 | R97: 0 | S97: 0 | T97: 39.663425 | U97: =IF(OR(P97=1,Q97=1),1,0) -> 0 | V97: =IF(OR(R97=1,S97=1),1,0) -> 0
A98: ago | B98: Angola | C98: rus | D98: Russian Federation | E98: 11 | F98: Textile and textile articles | G98: 61 | H98: 61391 | I98: 1106 | J98: 59 | K98: 96 | L98: -60285 | M98: 0.9823031505512264 | N98: 0.017696849 | O98: 7.820343046592226e-5 | P98: 0 | Q98: 0 | R98: 0 | S98: 0 | T98: 39.663425 | U98: =IF(OR(P98=1,Q98=1),1,0) -> 0 | V98: =IF(OR(R98=1,S98=1),1,0) -> 0
A99: ago | B99: Angola | C99: rus | D99: Russian Federation | E99: 18 | F99: Optical, photographic, cinematographic, measuring, checking, precision, medical or surgical instruments and apparatus, clocks and watches, musical instruments, parts and accessories thereof | G99: 91 | H99: 711 | I99: 55 | J99: 77 | K99: 64 | L99: -656 | M99: 0.9281984334203656 | N99: 0.071801567 | O99: 9.58507252138446e-7 | P99: 0 | Q99: 0 | R99: 0 | S99: 0 | T99: 39.663425 | U99: =IF(OR(P99=1,Q99=1),1,0) -> 0 | V99: =IF(OR(R99=1,S99=1),1,0) -> 0
A100: ago | B100: Angola | C100: rus | D100: Russian Federation | E100: 20 | F100: Miscellaneous manufactured articles | G100: 96 | H100: 416635 | I100: 2973 | J100: 40 | K100: 74 | L100: -413662 | M100: 0.9929148157327792 | N100: 0.0070851843 | O100: 5.250617637797768e-4 | P100: 0 | Q100: 0 | R100: 0 | S100: 0 | T100: 39.663425 | U100: =IF(OR(P100=1,Q100=1),1,0) -> 0 | V100: =IF(OR(R100=1,S100=1),1,0) -> 0
...

Sheet Sheet2
C3: Top 5 (Import or Export) | D3: Top 5 (Import) | E3: Top 5 (Export) | F3: Top 10 (Import or Export) | G3: Top 10 (Import) | H3: Top 10 (Export) | I3: Sample
B4: Mean Influence (RAI) | C4: =AVERAGEIFS(Sheet1!$B$2:$B$53,Sheet1!$G$2:$G$53,1) -> 151.44856 | D4: =AVERAGEIFS(Sheet1!$B$2:$B$53,Sheet1!$E$2:$E$53,1) -> 205.13657 | E4: =AVERAGEIFS(Sheet1!$B$2:$B$53,Sheet1!$F$2:$F$53,1) -> 184.21673 | F4: =AVERAGEIFS(Sheet1!$B$2:$B$53,Sheet1!$L$2:$L$53,1) -> 128.04422 | G4: =AVERAGEIFS(Sheet1!$B$2:$B$53,Sheet1!$J$2:$J$53,1) -> 171.17118 | H4: =AVERAGEIFS(Sheet1!$B$2:$B$53,Sheet1!$K$2:$K$53,1) -> 147.30262 | I4: =AVERAGE(Sheet1!$B$2:$B$53) -> 100.76516
B5: Multiple of Average | C5: =C4/$I4 -> 1.5029854 | D5: =D4/$I4 -> 2.0357887 | E5: =E4/$I4 -> 1.8281788 | F5: =F4/$I4 -> 1.2707193 | G5: =G4/$I4 -> 1.698714 | H5: =H4/$I4 -> 1.4618408
B6: Median Influence (RAI) | C6: {=IFERROR(MEDIAN(IF(Sheet1!$G$2:$G$53=1,Sheet1!$B$2:$B$53)),0)} -> 45.410769 | D6: {=IFERROR(MEDIAN(IF(Sheet1!$E$2:$E$53=1,Sheet1!$B$2:$B$53)),0)} -> 100.53711 | E6: {=IFERROR(MEDIAN(IF(Sheet1!$F$2:$F$53=1,Sheet1!$B$2:$B$53)),0)} -> 100.43847 | F6: {=IFERROR(MEDIAN(IF(Sheet1!$L$2:$L$53=1,Sheet1!$B$2:$B$53)),0)} -> 29.702585 | G6: {=IFERROR(MEDIAN(IF(Sheet1!$J$2:$J$53=1,Sheet1!$B$2:$B$53)),0)} -> 93.786791 | H6: {=IFERROR(MEDIAN(IF(Sheet1!$K$2:$K$53=1,Sheet1!$B$2:$B$53)),0)} -> 29.702585 | I6: =MEDIAN(Sheet1!B2:B53) -> 38.81542
B7: Multiple of Median | C7: =C6/$I6 -> 1.1699157 | D7: =D6/$I6 -> 2.5901333 | E7: =E6/$I6 -> 2.5875919 | F7: =F6/$I6 -> 0.76522642 | G7: =G6/$I6 -> 2.4162251 | H7: =H6/$I6 -> 0.76522642
B8: Count | C8: =COUNTIFS(Sheet1!$G$2:$G$53,1) -> 27 | D8: =COUNTIFS(Sheet1!$E$2:$E$53,1) -> 18 | E8: =COUNTIFS(Sheet1!$F$2:$F$53,1) -> 21 | F8: =COUNTIFS(Sheet1!$L$2:$L$53,1) -> 33 | G8: =COUNTIFS(Sheet1!$J$2:$J$53,1) -> 24 | H8: =COUNTIFS(Sheet1!$K$2:$K$53,1) -> 27 | I8: =COUNT(Sheet1!$B$2:$B$53) -> 52
C9: Not Top 5 (Import or Export) | D9: Not Top 5 (Import) | E9: Not Top 5 (Export) | F9: Not Top 10 (Import or Export) | G9: Not Top 10 (Import) | H9: Not Top 10 (Export) | I9: Sample
B10: Mean Influence (RAI) | C10: =AVERAGEIFS(Sheet1!$B$2:$B$53,Sheet1!$G$2:$G$53,0) -> 46.027084 | D10: =AVERAGEIFS(Sheet1!$B$2:$B$53,Sheet1!$E$2:$E$53,0) -> 45.509703 | E10: =AVERAGEIFS(Sheet1!$B$2:$B$53,Sheet1!$F$2:$F$53,0) -> 44.233447 | F10: =AVERAGEIFS(Sheet1!$B$2:$B$53,Sheet1!$L$2:$L$53,0) -> 53.385723 | G10: =AVERAGEIFS(Sheet1!$B$2:$B$53,Sheet1!$J$2:$J$53,0) -> 40.417137 | H10: =AVERAGEIFS(Sheet1!$B$2:$B$53,Sheet1!$K$2:$K$53,0) -> 50.504696 | I10: =AVERAGE(Sheet1!$B$2:$B$53) -> 100.76516
B11: Multiple of Average | C11: =C10/$I10 -> 0.45677579 | D11: =D10/$I10 -> 0.45164127 | E11: =E10/$I10 -> 0.43897562 | F11: =F10/$I10 -> 0.52980341 | G11: =G10/$I10 -> 0.40110231 | H11: =H10/$I10 -> 0.50121191
B12: Median Influence (RAI) | C12: {=IFERROR(MEDIAN(IF(Sheet1!$G$2:$G$53=0,Sheet1!$B$2:$B$53)),0)} -> 36.805438 | D12: {=IFERROR(MEDIAN(IF(Sheet1!$E$2:$E$53=0,Sheet1!$B$2:$B$53)),0)} -> 28.401802 | E12: {=IFERROR(MEDIAN(IF(Sheet1!$F$2:$F$53=0,Sheet1!$B$2:$B$53)),0)} -> 30.857489 | F12: {=IFERROR(MEDIAN(IF(Sheet1!$L$2:$L$53=0,Sheet1!$B$2:$B$53)),0)} -> 41.643897 | G12: {=IFERROR(MEDIAN(IF(Sheet1!$J$2:$J$53=0,Sheet1!$B$2:$B$53)),0)} -> 25.589071 | H12: {=IFERROR(MEDIAN(IF(Sheet1!$K$2:$K$53=0,Sheet1!$B$2:$B$53)),0)} -> 39.663425 | I12: =MEDIAN(Sheet1!B2:B53) -> 38.81542
B13: Multiple of Median | C13: =C12/$I12 -> 0.94821692 | D13: =D12/$I12 -> 0.73171439 | E13: =E12/$I12 -> 0.79498017 | F13: =F12/$I12 -> 1.0728699 | G13: =G12/$I12 -> 0.65925014 | H13: =H12/$I12 -> 1.0218471
B14: Count | C14: =COUNTIFS(Sheet1!$G$2:$G$53,0) -> 25 | D14: =COUNTIFS(Sheet1!$E$2:$E$53,0) -> 34 | E14: =COUNTIFS(Sheet1!$F$2:$F$53,0) -> 31 | F14: =COUNTIFS(Sheet1!$L$2:$L$53,0) -> 19 | G14: =COUNTIFS(Sheet1!$J$2:$J$53,0) -> 28 | H14: =COUNTIFS(Sheet1!$K$2:$K$53,0) -> 25 | I14: =COUNT(Sheet1!$B$2:$B$53) -> 52
C15: Top 5 Premium to Not Top 5
B16: Mean Influence (RAI) | C16: =C4/C10 -> 3.2904226 | D16: =D4/D10 -> 4.5075347 | E16: =E4/E10 -> 4.1646478 | F16: =F4/F10 -> 2.3984732 | G16: =G4/G10 -> 4.2351139 | H16: =H4/H10 -> 2.9166123
B17: Median Influence (RAI) | C17: =C6/C12 -> 1.233806 | D17: =D6/D12 -> 3.5398146 | E17: =E6/E12 -> 3.2549138 | F17: =F6/F12 -> 0.71325181 | G17: =G6/G12 -> 3.6651111 | H17: =H6/H12 -> 0.74886587
